{"info":{"year":"2024","version":"1","description":"Exported from roboflow.com","contributor":"","url":"https://public.roboflow.com/object-detection/undefined","date_created":"2024-05-16T10:52:11+00:00"},"licenses":[{"id":1,"url":"https://creativecommons.org/licenses/by/4.0/","name":"CC BY 4.0"}],"categories":[{"id":0,"name":"Sign-language","supercategory":"none"},{"id":1,"name":"A","supercategory":"Sign-language"},{"id":2,"name":"B","supercategory":"Sign-language"},{"id":3,"name":"C","supercategory":"Sign-language"},{"id":4,"name":"D","supercategory":"Sign-language"},{"id":5,"name":"Graph","supercategory":"Sign-language"},{"id":6,"name":"No gesture","supercategory":"Sign-language"},{"id":7,"name":"R","supercategory":"Sign-language"},{"id":8,"name":"Sign-language","supercategory":"Sign-language"},{"id":9,"name":"T","supercategory":"Sign-language"},{"id":10,"name":"U","supercategory":"Sign-language"},{"id":11,"name":"V","supercategory":"Sign-language"},{"id":12,"name":"W","supercategory":"Sign-language"},{"id":13,"name":"X","supercategory":"Sign-language"},{"id":14,"name":"Y","supercategory":"Sign-language"},{"id":15,"name":"Z","supercategory":"Sign-language"}],"images":[{"id":0,"license":1,"file_name":"u1_bmp.rf.30474e42a2fee60d220e404fe8e74b71.jpg","height":640,"width":640,"date_captured":"2024-05-16T10:52:11+00:00"},{"id":1,"license":1,"file_name":"U38_jpg.rf.3cf04c326ce071bb1430e8ce4c4c68cd.jpg","height":640,"width":640,"date_captured":"2024-05-16T10:52:11+00:00"},{"id":2,"license":1,"file_name":"A59_jpg.rf.0505d1c6f6d6f73aedbeba4635912459.jpg","height":640,"width":640,"date_captured":"2024-05-16T10:52:11+00:00"},{"id":3,"license":1,"file_name":"x4_bmp.rf.0ca45793246644e8f55a1eabd55f08f5.jpg","height":640,"width":640,"date_captured":"2024-05-16T10:52:11+00:00"},{"id":4,"license":1,"file_name":"D2_jpg.rf.0d2099d41586b49173d656cb9d1290ee.jpg","height":640,"width":640,"date_captured":"2024-05-16T10:52:11+00:00"},{"id":5,"license":1,"file_name":"W41_jpg.rf.0042bc97008444401566f204023b4c58.jpg","height":640,"width":640,"date_captured":"2024-05-16T10:52:11+00:00"},{"id":6,"license":1,"file_name":"D3_jpg.rf.2dbf6f1c9ffb30c7fdec9d50e32f4eb4.jpg","height":640,"width":640,"date_captured":"2024-05-16T10:52:11+00:00"},{"id":7,"license":1,"file_name":"x1_bmp.rf.38ac20a61e02e06c2c3ca54a7ca3a0a4.jpg","height":640,"width":640,"date_captured":"2024-05-16T10:52:11+00:00"},{"id":8,"license":1,"file_name":"R47_jpg.rf.41b1d2979d99b119026585ef12db2b76.jpg","height":640,"width":640,"date_captured":"2024-05-16T10:52:11+00:00"},{"id":9,"license":1,"file_name":"Z2_JPG.rf.381054ed4e2fdf6c6507e3839d06a049.jpg","height":640,"width":640,"date_captured":"2024-05-16T10:52:11+00:00"},{"id":10,"license":1,"file_name":"D1_jpg.rf.4ee431c6fd563bb0e2776532e5ec9268.jpg","height":640,"width":640,"date_captured":"2024-05-16T10:52:11+00:00"},{"id":11,"license":1,"file_name":"s1_bmp.rf.511d83752d4d2adc6eca12d91db4855f.jpg","height":640,"width":640,"date_captured":"2024-05-16T10:52:11+00:00"},{"id":12,"license":1,"file_name":"c2_bmp.rf.4cfeda03e31d78a023d9093ad5adbfea.jpg","height":640,"width":640,"date_captured":"2024-05-16T10:52:11+00:00"},{"id":13,"license":1,"file_name":"B75_jpg.rf.5756b5336f5b65db10ed56df74aefdcc.jpg","height":640,"width":640,"date_captured":"2024-05-16T10:52:11+00:00"},{"id":14,"license":1,"file_name":"X11_jpg.rf.1a1f305dac4d79a07b603391ed5cee72.jpg","height":640,"width":640,"date_captured":"2024-05-16T10:52:11+00:00"},{"id":15,"license":1,"file_name":"bg_m_bmp.rf.6cf3d98d1c857a5f91a6371e85edd354.jpg","height":640,"width":640,"date_captured":"2024-05-16T10:52:11+00:00"},{"id":16,"license":1,"file_name":"z5_bmp.rf.736db5255a6fbecb7c2be0322147ca55.jpg","height":640,"width":640,"date_captured":"2024-05-16T10:52:11+00:00"},{"id":17,"license":1,"file_name":"Z4_JPG.rf.369e59e4dc892c79a204d9ae6196248f.jpg","height":640,"width":640,"date_captured":"2024-05-16T10:52:11+00:00"},{"id":18,"license":1,"file_name":"R48_jpg.rf.81e7911b47a6fa5106c3eb5fbcf74892.jpg","height":640,"width":640,"date_captured":"2024-05-16T10:52:11+00:00"},{"id":19,"license":1,"file_name":"Z1_JPG.rf.97d373fdd4a9d0aaff1af453baa504f4.jpg","height":640,"width":640,"date_captured":"2024-05-16T10:52:11+00:00"},{"id":20,"license":1,"file_name":"v_jpg.rf.9491f5e13f08b938458d15f3c906d039.jpg","height":640,"width":640,"date_captured":"2024-05-16T10:52:11+00:00"},{"id":21,"license":1,"file_name":"B78_jpg.rf.701c8e1e7b6e198dc91c68d09599af2a.jpg","height":640,"width":640,"date_captured":"2024-05-16T10:52:11+00:00"},{"id":22,"license":1,"file_name":"Y41_jpg.rf.74cb0bff9bb76ebeb93ccca9d5226c3f.jpg","height":640,"width":640,"date_captured":"2024-05-16T10:52:11+00:00"},{"id":23,"license":1,"file_name":"Y33_jpg.rf.9af8509e10ba046bae98808da1f4a0d5.jpg","height":640,"width":640,"date_captured":"2024-05-16T10:52:11+00:00"},{"id":24,"license":1,"file_name":"U40_jpg.rf.593fec3a7f280923a2f5e8c10b23b6c7.jpg","height":640,"width":640,"date_captured":"2024-05-16T10:52:11+00:00"},{"id":25,"license":1,"file_name":"T12_jpg.rf.a3ea7b177370af06d84125b50510c251.jpg","height":640,"width":640,"date_captured":"2024-05-16T10:52:11+00:00"},{"id":26,"license":1,"file_name":"d5_bmp.rf.5512c7afd355a236cae44189e99f0209.jpg","height":640,"width":640,"date_captured":"2024-05-16T10:52:11+00:00"},{"id":27,"license":1,"file_name":"v1_bmp.rf.a0ce2c55f40d0ec933a327b64308efe1.jpg","height":640,"width":640,"date_captured":"2024-05-16T10:52:11+00:00"},{"id":28,"license":1,"file_name":"c1_bmp.rf.47aa4363e8420f72c45ad86fd70b65e4.jpg","height":640,"width":640,"date_captured":"2024-05-16T10:52:11+00:00"},{"id":29,"license":1,"file_name":"U37_jpg.rf.902e2e3fc1bd8934285ebc08f75e7699.jpg","height":640,"width":640,"date_captured":"2024-05-16T10:52:11+00:00"},{"id":30,"license":1,"file_name":"W39_jpg.rf.ac1f950a3a3fec85f2b0a572d0dc778c.jpg","height":640,"width":640,"date_captured":"2024-05-16T10:52:11+00:00"},{"id":31,"license":1,"file_name":"A60_jpg.rf.8843bb56e46f17815d119a8fd289c050.jpg","height":640,"width":640,"date_captured":"2024-05-16T10:52:11+00:00"},{"id":32,"license":1,"file_name":"z4_bmp.rf.c0c876c172483b9d569c0625cfe13c46.jpg","height":640,"width":640,"date_captured":"2024-05-16T10:52:11+00:00"},{"id":33,"license":1,"file_name":"U36_jpg.rf.bc041b18cd5f84cdd8833baa79b982af.jpg","height":640,"width":640,"date_captured":"2024-05-16T10:52:11+00:00"},{"id":34,"license":1,"file_name":"R50_jpg.rf.a28f07c1c20d97f3f8ac2dc55b977f82.jpg","height":640,"width":640,"date_captured":"2024-05-16T10:52:11+00:00"},{"id":35,"license":1,"file_name":"b2_bmp.rf.c19e61b09a868623f335b1a7afd6c78b.jpg","height":640,"width":640,"date_captured":"2024-05-16T10:52:11+00:00"},{"id":36,"license":1,"file_name":"c3_bmp.rf.abfeb7f112bd9a0ba88a5ecda64c0cd3.jpg","height":640,"width":640,"date_captured":"2024-05-16T10:52:11+00:00"},{"id":37,"license":1,"file_name":"B76_jpg.rf.c1abe49bf1b31afb049c315ec71ce99d.jpg","height":640,"width":640,"date_captured":"2024-05-16T10:52:11+00:00"},{"id":38,"license":1,"file_name":"U39_jpg.rf.c655bde0ecde7e8dcc28a55bf8d6d564.jpg","height":640,"width":640,"date_captured":"2024-05-16T10:52:11+00:00"},{"id":39,"license":1,"file_name":"z3_bmp.rf.cd42f99417d7e6a148f9e81fd9226bb0.jpg","height":640,"width":640,"date_captured":"2024-05-16T10:52:11+00:00"},{"id":40,"license":1,"file_name":"d4_bmp.rf.a7b3f31044fe4b22cf62bd52bb583386.jpg","height":640,"width":640,"date_captured":"2024-05-16T10:52:11+00:00"},{"id":41,"license":1,"file_name":"U1_jpg.rf.c26b3378e66bf9722d7357e214566c63.jpg","height":640,"width":640,"date_captured":"2024-05-16T10:52:11+00:00"},{"id":42,"license":1,"file_name":"T13_jpg.rf.b06420bff788a2212ccdf5b5d6a66f79.jpg","height":640,"width":640,"date_captured":"2024-05-16T10:52:11+00:00"},{"id":43,"license":1,"file_name":"b1_bmp.rf.f3830001ffa2adaa3b5afc7bdbe04fa0.jpg","height":640,"width":640,"date_captured":"2024-05-16T10:52:11+00:00"},{"id":44,"license":1,"file_name":"B74_jpg.rf.db87f144c7f13d1d395fc88eb9b517f2.jpg","height":640,"width":640,"date_captured":"2024-05-16T10:52:11+00:00"},{"id":45,"license":1,"file_name":"X12_jpg.rf.b33503d83ed00c6c3d3ffac2078c3bab.jpg","height":640,"width":640,"date_captured":"2024-05-16T10:52:11+00:00"},{"id":46,"license":1,"file_name":"D4_jpg.rf.ef05f88e3a03bef406bb187ef08bf5c1.jpg","height":640,"width":640,"date_captured":"2024-05-16T10:52:11+00:00"},{"id":47,"license":1,"file_name":"U2_jpg.rf.e3dda4999454435dd6878c29c9af570e.jpg","height":640,"width":640,"date_captured":"2024-05-16T10:52:11+00:00"},{"id":48,"license":1,"file_name":"D5_jpg.rf.b3940e58ba218baaedf75ffbca4d4872.jpg","height":640,"width":640,"date_captured":"2024-05-16T10:52:11+00:00"},{"id":49,"license":1,"file_name":"z1_bmp.rf.f4bd36d0a76192165b981e76224afd08.jpg","height":640,"width":640,"date_captured":"2024-05-16T10:52:11+00:00"},{"id":50,"license":1,"file_name":"x2_bmp.rf.a74771b183d14ab801958a05edacbdea.jpg","height":640,"width":640,"date_captured":"2024-05-16T10:52:11+00:00"},{"id":51,"license":1,"file_name":"R46_jpg.rf.ff461fbbf724cbd4daf45266e62c95e3.jpg","height":640,"width":640,"date_captured":"2024-05-16T10:52:11+00:00"},{"id":52,"license":1,"file_name":"U8_jpg.rf.f94bcf38c428050a0292e41bdf914582.jpg","height":640,"width":640,"date_captured":"2024-05-16T10:52:11+00:00"},{"id":53,"license":1,"file_name":"S1_jpg.rf.c713cf3c3c76d3a1398246cfb6033ba5.jpg","height":640,"width":640,"date_captured":"2024-05-16T10:52:11+00:00"},{"id":54,"license":1,"file_name":"x5_bmp.rf.fbbdfbfbc193115466a953804ac0eda9.jpg","height":640,"width":640,"date_captured":"2024-05-16T10:52:11+00:00"},{"id":55,"license":1,"file_name":"Z5_JPG.rf.fa7d784e744e345f6c07bfd88084eee3.jpg","height":640,"width":640,"date_captured":"2024-05-16T10:52:11+00:00"},{"id":56,"license":1,"file_name":"X4_JPG.rf.f1927c6f6c3ffb68d16cb9832e997f0f.jpg","height":640,"width":640,"date_captured":"2024-05-16T10:52:11+00:00"}],"annotations":[{"id":0,"image_id":0,"category_id":10,"bbox":[88,137,182.5,457],"area":83402.5,"segmentation":[],"iscrowd":0},{"id":1,"image_id":1,"category_id":10,"bbox":[174,5,256,579.5],"area":148352,"segmentation":[],"iscrowd":0},{"id":2,"image_id":2,"category_id":1,"bbox":[89,93,293.5,480],"area":140880,"segmentation":[],"iscrowd":0},{"id":3,"image_id":3,"category_id":15,"bbox":[134,64,348,466],"area":162168,"segmentation":[],"iscrowd":0},{"id":4,"image_id":4,"category_id":4,"bbox":[119,6,332,569],"area":188908,"segmentation":[],"iscrowd":0},{"id":5,"image_id":5,"category_id":12,"bbox":[97,25,285.5,563.5],"area":160879.25,"segmentation":[],"iscrowd":0},{"id":6,"image_id":6,"category_id":4,"bbox":[116,21,328,492.5],"area":161540,"segmentation":[],"iscrowd":0},{"id":7,"image_id":7,"category_id":15,"bbox":[214,94,248,501.5],"area":124372,"segmentation":[],"iscrowd":0},{"id":8,"image_id":8,"category_id":7,"bbox":[251,20,330.5,499.5],"area":165084.75,"segmentation":[],"iscrowd":0},{"id":9,"image_id":9,"category_id":15,"bbox":[119,0,348,558],"area":194184,"segmentation":[],"iscrowd":0},{"id":10,"image_id":10,"category_id":4,"bbox":[110,0,310,576],"area":178560,"segmentation":[],"iscrowd":0},{"id":11,"image_id":11,"category_id":8,"bbox":[100,85,290.5,538.5],"area":156434.25,"segmentation":[],"iscrowd":0},{"id":12,"image_id":12,"category_id":3,"bbox":[112,290,205.5,322],"area":66171,"segmentation":[],"iscrowd":0},{"id":13,"image_id":13,"category_id":2,"bbox":[251,25,268,590],"area":158120,"segmentation":[],"iscrowd":0},{"id":14,"image_id":14,"category_id":13,"bbox":[225,16,338.5,556.5],"area":188375.25,"segmentation":[],"iscrowd":0},{"id":15,"image_id":15,"category_id":6,"bbox":[110,63,451.5,527.5],"area":238166.25,"segmentation":[],"iscrowd":0},{"id":16,"image_id":16,"category_id":13,"bbox":[116,34,350.5,528],"area":185064,"segmentation":[],"iscrowd":0},{"id":17,"image_id":17,"category_id":15,"bbox":[13,23,313.5,517.5],"area":162236.25,"segmentation":[],"iscrowd":0},{"id":18,"image_id":18,"category_id":7,"bbox":[268,2,282.5,522.5],"area":147606.25,"segmentation":[],"iscrowd":0},{"id":19,"image_id":19,"category_id":15,"bbox":[133,0,422,581],"area":245182,"segmentation":[],"iscrowd":0},{"id":20,"image_id":20,"category_id":11,"bbox":[121,0,273,565],"area":154245,"segmentation":[],"iscrowd":0},{"id":21,"image_id":21,"category_id":1,"bbox":[110,0,322,608],"area":195776,"segmentation":[],"iscrowd":0},{"id":22,"image_id":22,"category_id":14,"bbox":[56,82,525.5,450],"area":236475,"segmentation":[],"iscrowd":0},{"id":23,"image_id":23,"category_id":14,"bbox":[0,103,504,485.5],"area":244692,"segmentation":[],"iscrowd":0},{"id":24,"image_id":24,"category_id":10,"bbox":[216,5,230.5,485.5],"area":111907.75,"segmentation":[],"iscrowd":0},{"id":25,"image_id":25,"category_id":9,"bbox":[117,45,394.5,538.5],"area":212438.25,"segmentation":[],"iscrowd":0},{"id":26,"image_id":26,"category_id":4,"bbox":[213,265,163,303],"area":49389,"segmentation":[],"iscrowd":0},{"id":27,"image_id":27,"category_id":11,"bbox":[178,18,280,494],"area":138320,"segmentation":[],"iscrowd":0},{"id":28,"image_id":28,"category_id":3,"bbox":[57,230,217,333.5],"area":72369.5,"segmentation":[],"iscrowd":0},{"id":29,"image_id":29,"category_id":10,"bbox":[17,68,258.5,466],"area":120461,"segmentation":[],"iscrowd":0},{"id":30,"image_id":30,"category_id":12,"bbox":[175,7,317.5,569],"area":180657.5,"segmentation":[],"iscrowd":0},{"id":31,"image_id":31,"category_id":1,"bbox":[120,118,322.5,439],"area":141577.5,"segmentation":[],"iscrowd":0},{"id":32,"image_id":32,"category_id":15,"bbox":[78,76,272,444.5],"area":120904,"segmentation":[],"iscrowd":0},{"id":33,"image_id":33,"category_id":10,"bbox":[141,52,217.5,496],"area":107880,"segmentation":[],"iscrowd":0},{"id":34,"image_id":34,"category_id":7,"bbox":[296,20,249.5,524.5],"area":130862.75,"segmentation":[],"iscrowd":0},{"id":35,"image_id":35,"category_id":1,"bbox":[106,198,198.5,425],"area":84362.5,"segmentation":[],"iscrowd":0},{"id":36,"image_id":36,"category_id":3,"bbox":[134,326,268.5,221],"area":59338.5,"segmentation":[],"iscrowd":0},{"id":37,"image_id":37,"category_id":1,"bbox":[374,40,266,530.5],"area":141113,"segmentation":[],"iscrowd":0},{"id":38,"image_id":38,"category_id":10,"bbox":[210,20,224,522.5],"area":117040,"segmentation":[],"iscrowd":0},{"id":39,"image_id":39,"category_id":15,"bbox":[118,84,284,474.5],"area":134758,"segmentation":[],"iscrowd":0},{"id":40,"image_id":40,"category_id":4,"bbox":[190,339,155.5,257],"area":39963.5,"segmentation":[],"iscrowd":0},{"id":41,"image_id":41,"category_id":10,"bbox":[73,41,218.5,506.5],"area":110670.25,"segmentation":[],"iscrowd":0},{"id":42,"image_id":42,"category_id":9,"bbox":[237,7,390.5,588.5],"area":229809.25,"segmentation":[],"iscrowd":0},{"id":43,"image_id":43,"category_id":2,"bbox":[43,177,173,411.5],"area":71189.5,"segmentation":[],"iscrowd":0},{"id":44,"image_id":44,"category_id":2,"bbox":[12,0,330,634.5],"area":209385,"segmentation":[],"iscrowd":0},{"id":45,"image_id":45,"category_id":13,"bbox":[243,0,278.5,554.5],"area":154428.25,"segmentation":[],"iscrowd":0},{"id":46,"image_id":46,"category_id":4,"bbox":[101,2,277.5,546],"area":151515,"segmentation":[],"iscrowd":0},{"id":47,"image_id":47,"category_id":10,"bbox":[98,0,214,517],"area":110638,"segmentation":[],"iscrowd":0},{"id":48,"image_id":48,"category_id":4,"bbox":[149,27,298.5,458.5],"area":136862.25,"segmentation":[],"iscrowd":0},{"id":49,"image_id":49,"category_id":15,"bbox":[209,77,265.5,512],"area":135936,"segmentation":[],"iscrowd":0},{"id":50,"image_id":50,"category_id":13,"bbox":[109,77,253.5,496],"area":125736,"segmentation":[],"iscrowd":0},{"id":51,"image_id":51,"category_id":7,"bbox":[264,0,270,533],"area":143910,"segmentation":[],"iscrowd":0},{"id":52,"image_id":52,"category_id":10,"bbox":[110,27,240,538.5],"area":129240,"segmentation":[],"iscrowd":0},{"id":53,"image_id":53,"category_id":8,"bbox":[20,25,408,437.5],"area":178500,"segmentation":[],"iscrowd":0},{"id":54,"image_id":54,"category_id":15,"bbox":[14,107,284,464],"area":131776,"segmentation":[],"iscrowd":0},{"id":55,"image_id":55,"category_id":13,"bbox":[115,45,340,482],"area":163880,"segmentation":[],"iscrowd":0},{"id":56,"image_id":56,"category_id":13,"bbox":[75,4,314.5,505],"area":158822.5,"segmentation":[],"iscrowd":0}]}